time	radius	length
0.000000e+00	3.200000e-03	3.240000e-02
1.000000e-06	3.549026e-03	3.217300e-02
2.000000e-06	3.944580e-03	3.194600e-02
3.000000e-06	4.227267e-03	3.171900e-02
4.000000e-06	4.452029e-03	3.149200e-02
5.000000e-06	4.644034e-03	3.126500e-02
6.000000e-06	4.816098e-03	3.103800e-02
7.000000e-06	4.975708e-03	3.081128e-02
8.000000e-06	5.126350e-03	3.058688e-02
9.000000e-06	5.268813e-03	3.036694e-02
1.000000e-05	5.403786e-03	3.015446e-02
1.100000e-05	5.531666e-03	2.994621e-02
1.200000e-05	5.653012e-03	2.974011e-02
1.300000e-05	5.768557e-03	2.953432e-02
1.400000e-05	5.878719e-03	2.932988e-02
1.500000e-05	5.983942e-03	2.913067e-02
1.600000e-05	6.084365e-03	2.892498e-02
1.700000e-05	6.180312e-03	2.872307e-02
1.800000e-05	6.271816e-03	2.852323e-02
1.900000e-05	6.359036e-03	2.832199e-02
2.000000e-05	6.442010e-03	2.812339e-02
2.100000e-05	6.520899e-03	2.792415e-02
2.200000e-05	6.595804e-03	2.773105e-02
2.300000e-05	6.666885e-03	2.754072e-02
2.400000e-05	6.734241e-03	2.735661e-02
2.500000e-05	6.797944e-03	2.717519e-02
2.600000e-05	6.858102e-03	2.699560e-02
2.700000e-05	6.914843e-03	2.681707e-02
2.800000e-05	6.968160e-03	2.663880e-02
2.900000e-05	7.018224e-03	2.646152e-02
3.000000e-05	7.065134e-03	2.628599e-02
3.100000e-05	7.108911e-03	2.611211e-02
3.200000e-05	7.149786e-03	2.594054e-02
3.300000e-05	7.187663e-03	2.577284e-02
3.400000e-05	7.222735e-03	2.560897e-02
3.500000e-05	7.254935e-03	2.544972e-02
3.600000e-05	7.284400e-03	2.529261e-02
3.700000e-05	7.311111e-03	2.513837e-02
3.800000e-05	7.335164e-03	2.498515e-02
3.900000e-05	7.356587e-03	2.483366e-02
4.000000e-05	7.375459e-03	2.468396e-02
4.100000e-05	7.391818e-03	2.453626e-02
4.200000e-05	7.405749e-03	2.439238e-02
4.300000e-05	7.417303e-03	2.425159e-02
4.400000e-05	7.426575e-03	2.411535e-02
4.500000e-05	7.433661e-03	2.398260e-02
4.600000e-05	7.438665e-03	2.385291e-02
4.700000e-05	7.441743e-03	2.372500e-02
4.800000e-05	7.443022e-03	2.359946e-02
4.900000e-05	7.442744e-03	2.347661e-02
5.000000e-05	7.441674e-03	2.335702e-02
5.100000e-05	7.441218e-03	2.324103e-02
5.200000e-05	7.441767e-03	2.312901e-02
5.300000e-05	7.442568e-03	2.302053e-02
5.400000e-05	7.442738e-03	2.291576e-02
5.500000e-05	7.442494e-03	2.281404e-02
5.600000e-05	7.442288e-03	2.271511e-02
5.700000e-05	7.442152e-03	2.261933e-02
5.800000e-05	7.442146e-03	2.252760e-02
5.900000e-05	7.442321e-03	2.243930e-02
6.000000e-05	7.442546e-03	2.235516e-02
6.100000e-05	7.442629e-03	2.227534e-02
6.200000e-05	7.442553e-03	2.219925e-02
6.300000e-05	7.442477e-03	2.212648e-02
6.400000e-05	7.442445e-03	2.205747e-02
6.500000e-05	7.442405e-03	2.199227e-02
6.600000e-05	7.442361e-03	2.193159e-02
6.700000e-05	7.442346e-03	2.187532e-02
6.800000e-05	7.442416e-03	2.182319e-02
6.900000e-05	7.442422e-03	2.177506e-02
7.000000e-05	7.442336e-03	2.173136e-02
7.100000e-05	7.442235e-03	2.169223e-02
7.200000e-05	7.442126e-03	2.165725e-02
7.300000e-05	7.442019e-03	2.162700e-02
7.400000e-05	7.441912e-03	2.160165e-02
7.500000e-05	7.441862e-03	2.158074e-02
7.600000e-05	7.441817e-03	2.156487e-02
7.700000e-05	7.441739e-03	2.155377e-02
7.800000e-05	7.441627e-03	2.154723e-02
7.900000e-05	7.441532e-03	2.154634e-02
8.000000e-05	7.441482e-03	2.155072e-02
