case	element	h	elements	dofs	u_y_mean	u_y_max	wall	commit
elastic	tet10	8.0	327	1941	8.19604968418226	8.25568436977962	104.85393714904785	33b70d7
elastic	tet15	8.0	327	5163	8.22353727278588	8.281496527728942	389.8065631389618	33b70d7
elastic	tet15-p1	8.0	327	5163	8.412166758863517	8.46845393221408	728.005588054657	33b70d7
elastic	tet15-p0	8.0	327	5163	8.572031217458127	8.723895433148046	312.5121111869812	33b70d7
elastic	lcm-tet10	8.0	327	1941	8.183647418582838	8.243112466233638	351.1046841144562	33b70d7
elastic	lcm-ct	8.0	327	1941	8.46015816237505	8.668628842680354	199.085510969162	33b70d7
plastic	tet10	8.0	327	1941	0.2063712610574912	0.21438865751925257	18.359246015548706	33b70d7
plastic	tet15	8.0	327	5163	0.2071462964790476	0.21591206801381707	16.44658589363098	33b70d7
plastic	tet15-p1	8.0	327	5163	0.20742841184187397	0.21625016884908285	18.26752996444702	33b70d7
plastic	tet15-p0	8.0	327	5163	0.21197932621743593	0.22373983177206733	21.970351934432983	33b70d7
plastic	lcm-tet10	8.0	327	1941	0.20596780777374638	0.21397076795718498	4.308539867401123	33b70d7
plastic	lcm-ct	8.0	327	1941	0.20895160818610206	0.2206360103740912	3.4442059993743896	33b70d7
elastic	tet10	4.0	1860	9624	8.324108491521983	8.375202406538307	1007.6518790721893	33b70d7
elastic	tet15	4.0	1860	27381	8.349004197589219	8.398338354755321	3631.198401927948	33b70d7
elastic	tet15-p1	4.0	1860	27381	8.455105446686884	8.499042910348342	3610.912420988083	33b70d7
plastic	tet10	8.0	327	1941	24.29584561095621	28.070128357452237	55.44288396835327	33b70d7
plastic	tet15	8.0	327	5163	24.480404671565527	28.254083010358624	180.3220829963684	33b70d7
plastic	tet15-p1	8.0	327	5163	24.720714715775824	28.5347071459873	185.7240080833435	33b70d7
plastic	tet15-p0	8.0	327	5163	24.96466352974142	28.777610809252245	327.14210295677185	33b70d7
plastic	lcm-tet10	8.0	327	1941	0.7898893708325269	0.799802056197395	5.820663928985596	33b70d7
plastic	lcm-ct	8.0	327	1941	0.8059790595113406	0.8265613907729447	5.955343961715698	33b70d7
elastic	tet15-p0	4.0	1860	27381	8.518414618864705	8.581987804094007	7660.213771820068	33b70d7
elastic	lcm-tet10	8.0	327	1941	8.196049532584983	8.255684240082905	186.6714379787445	33b70d7
elastic	lcm-ct	8.0	327	1941	8.459581155734833	8.668045282587016	114.36682295799255	33b70d7
plastic	tet10	8.0	327	1941	0.35168790942027767	0.36263886106970267	18.182307958602905	33b70d7
plastic	tet15	8.0	327	5163	0.3539830807324904	0.3659813205066689	15.748929023742676	33b70d7
plastic	tet15-p1	8.0	327	5163	0.35519054187587207	0.3672618036123636	15.398568868637085	33b70d7
plastic	tet15-p0	8.0	327	5163	0.3644988798706028	0.3819024931671005	18.882527828216553	33b70d7
plastic	lcm-tet10	8.0	327	1941	0.3516838458628403	0.36263497677087925	3.764622926712036	33b70d7
plastic	lcm-ct	8.0	327	1941	0.35811184162186	0.3752978249657464	3.714179039001465	33b70d7
elastic	lcm-tet10	4.0	1860	9624	8.324107941191873	8.375201866366663	64.48897409439087	33b70d7
elastic	lcm-ct	4.0	1860	9624	8.46431549456185	8.554560361200648	69.58335590362549	33b70d7
plastic	tet10	4.0	1860	9624	0.35560780876117676	0.36757412311207766	18.323004007339478	33b70d7
plastic	tet15	4.0	1860	27381	0.35648624006308455	0.36874296465153855	22.877408027648926	33b70d7
plastic	tet15-p1	4.0	1860	27381	0.3571762117424612	0.3694885565306799	22.543390035629272	33b70d7
plastic	tet15-p0	4.0	1860	27381	0.3609115142037361	0.37744155357884257	25.04003119468689	33b70d7
plastic	lcm-tet10	4.0	1860	9624	0.3556044379464479	0.3675709706898909	15.83305287361145	33b70d7
plastic	tet10	8.0	327	1941	0.26890619724906556	0.2787528141019664	16.409841060638428	33b70d7
plastic	tet15	8.0	327	5163	0.27002485386988934	0.28078977158507595	14.750763177871704	33b70d7
plastic	tet15-p1	8.0	327	5163	0.27062582741095337	0.28145846202436736	14.104912996292114	33b70d7
plastic	tet15-p0	8.0	327	5163	0.275206916681958	0.2898594064733849	17.766529083251953	33b70d7
plastic	lcm-tet10	8.0	327	1941	0.26890453796478275	0.2787512931081012	3.26059889793396	33b70d7
plastic	lcm-ct	8.0	327	1941	0.2716213735074089	0.28605174109992654	3.2567849159240723	33b70d7
plastic	tet10	4.0	1860	9624	0.27100514373618506	0.28175432525082744	1.8938379287719727	33b70d7
plastic	tet15	4.0	1860	27381	0.27171266554162216	0.2826799274902349	7.630036115646362	33b70d7
plastic	tet15-p1	4.0	1860	27381	0.2721090165724482	0.28312790495490286	7.597994089126587	33b70d7
plastic	tet15-p0	4.0	1860	27381	0.2743768804771963	0.2885561881850754	7.410884857177734	33b70d7
plastic	lcm-tet10	4.0	1860	9624	0.27100402727161643	0.28175339937078325	14.53853988647461	33b70d7
plastic	lcm-ct	4.0	1860	9624	0.2724549148240379	0.28610478169359765	47.04127812385559	33b70d7
plastic	tet10	2.0	14475	66177	0.2720368017917251	0.2831618903502252	43.03804278373718	33b70d7
plastic	tet15	2.0	14475	200439	0.2722828879188626	0.28359560116479576	119.36201906204224	33b70d7
plastic	tet15-p1	2.0	14475	200439	0.272439447700748	0.2837610761085682	116.1187698841095	33b70d7
plastic	tet15-p0	2.0	14475	200439	0.273372692688871	0.2867618513326324	117.55626893043518	33b70d7
plastic	lcm-tet10	2.0	14475	66177	0.2720360761509552	0.28316140015944746	1911.680025100708	33b70d7
plastic	lcm-ct	2.0	14475	66177	0.2184584932982748	0.22909305220969273	1584.955137014389	33b70d7
plastic	lcm-ct	2.0	14475	66177	0.2727711648333258	0.2853881185179866	1585.0	33b70d7
plastic	tet10	8.0	327	1941	0.2689061972490735	0.27875281410197456	15.882990837097168	92cdaf4
plastic	tet10	2.0	14475	66177	0.272036801778463	0.28316189033701594	49.61521601676941	24e0b8d
plastic	tet15	2.0	14475	200439	0.2722828879188294	0.28359560116476273	116.38646292686462	24e0b8d
plastic	tet15-p1	2.0	14475	200439	0.27243944770073936	0.28376107610855983	113.89026594161987	24e0b8d
plastic	tet15-p0	2.0	14475	200439	0.2733726926887437	0.2867618513329272	122.67706513404846	24e0b8d
plastic	lcm-tet10	2.0	14475	66177	0.27203607615095665	0.28316140015944824	94.66403603553772	03f7892
plastic	lcm-ct	2.0	14475	66177	0.2727711648333258	0.2853881185179866	1712.6022729873657	03f7892
elastic	tet10	8.0	327	1941	8.196049684449319	8.255684370023168	28.110563039779663	03f7892
elastic	tet10	2.0	14475	66177	8.420294621562457	8.459633166612932	1098.582808971405	b1d9ca4
elastic	tet15	2.0	14475	200439	8.430036497534497	8.469182254269619	3214.3295130729675	b1d9ca4
elastic	tet15-p0	2.0	14475	200439	8.499553091996836	8.53392700025927	3595.6404070854187	b1d9ca4
elastic	tet15-p1	2.0	14475	200439	8.471573145164731	8.508820336909894	3638.535164117813	b1d9ca4
elastic	lcm-tet10	2.0	14475	66177	8.420294291401646	8.459632843665176	26495.504306077957	73b0fa4
elastic	lcm-ct	2.0	14475	66177	8.477208538130196	8.532145799643828	28867.366147994995	73b0fa4
elastic	tet10	8.0	327	1941	8.196049684449317	8.255684370023165	16.39893412590027	57bdeb3
elastic	tet15	8.0	327	5163	8.223537272899783	8.28149652785696	16.12130093574524	57bdeb3
elastic	tet15-p1	8.0	327	5163	8.412166759009018	8.468453932352462	15.911077976226807	57bdeb3
elastic	tet15-p0	8.0	327	5163	8.572031217516285	8.723895433223703	19.95761489868164	57bdeb3
elastic	lcm-tet10	8.0	327	1941	8.19604953647023	8.255684246312672	4.614025115966797	57bdeb3
elastic	lcm-ct	8.0	327	1941	8.459581160003834	8.668045284172816	4.684723854064941	57bdeb3
elastic	tet10	4.0	1860	9624	8.324108491609987	8.375202406627983	11.217477083206177	57bdeb3
elastic	tet15	4.0	1860	27381	8.349004197832793	8.398338355005546	37.59928894042969	57bdeb3
elastic	tet15-p1	4.0	1860	27381	8.455105447011528	8.499042910676348	50.10271692276001	57bdeb3
elastic	tet15-p0	4.0	1860	27381	8.518414619169338	8.58198780447913	63.87867593765259	57bdeb3
elastic	lcm-tet10	4.0	1860	9624	8.324107941191873	8.375201866366663	65.42299199104309	57bdeb3
elastic	lcm-ct	4.0	1860	9624	8.46431549456185	8.554560361200648	69.96523594856262	57bdeb3
plastic	tet10	8.0	327	1941	0.2689061972490826	0.27875281410198405	0.30665111541748047	57bdeb3
plastic	tet15	8.0	327	5163	0.27002485350965366	0.2807897712266485	0.5827488899230957	57bdeb3
plastic	tet15-p1	8.0	327	5163	0.27062582755850084	0.2814584621710202	0.6358418464660645	57bdeb3
plastic	tet15-p0	8.0	327	5163	0.2752069166913909	0.2898594064827908	0.616905927658081	57bdeb3
plastic	lcm-tet10	8.0	327	1941	0.26890453796478275	0.2787512931081008	2.733396053314209	57bdeb3
plastic	lcm-ct	8.0	327	1941	0.27162137350740156	0.2860517410999181	2.3936069011688232	57bdeb3
plastic	tet10	4.0	1860	9624	0.2710051433489263	0.28175432486466157	1.1824707984924316	57bdeb3
plastic	tet15	4.0	1860	27381	0.27171266554371704	0.28267992749217685	3.938602924346924	57bdeb3
plastic	tet15-p1	4.0	1860	27381	0.27210901657206366	0.28312790495445744	3.8287909030914307	57bdeb3
plastic	tet15-p0	4.0	1860	27381	0.2743768804750065	0.28855618818320294	4.235257863998413	57bdeb3
plastic	lcm-tet10	4.0	1860	9624	0.2710040272716507	0.2817533993708326	3.6838080883026123	57bdeb3
plastic	lcm-ct	4.0	1860	9624	0.2724549148241084	0.2861047816937087	6.910221099853516	57bdeb3
